INSERT INTO DEPARTAMENTOS
VALUES(01,'CAIXA' ,'07:00am - 18:00pm', '20,00$ hora');
INSERT INTO DEPARTAMENTOS
VALUES(02,'VETERINARIA' ,'07:00am - 22:00pm', '30,00$ hora');
INSERT INTO DEPARTAMENTOS
VALUES(03,'BANHO-TOSA' ,'07:00am - 18:00pm', '25,00$ hora');

INSERT INTO FUNCIONARIOS
VALUES(001,'King Joseph' ,'568.468.539-45', '05-09-1990', '04-05-2020',01);
INSERT INTO FUNCIONARIOS
VALUES(002,'Mariana Burns' ,'146.267.567-59', '20-10-1996', '04-05-2020',01);
INSERT INTO FUNCIONARIOS
VALUES(003,'Malachy Holder' ,'978.264.555-96', '11-03-1989', '04-05-2020',02);
INSERT INTO FUNCIONARIOS
VALUES(004,'Mahima Hall' ,'753.321.694-25', '19-01-1992', '04-05-2020',02);
INSERT INTO FUNCIONARIOS
VALUES(004,'Amiyah Swanson' ,'654.843.185-45', '30-07-1987', '04-05-2020',03);
INSERT INTO FUNCIONARIOS
VALUES(006,'Aled Wang' ,'185.168.415-82', '09-05-1992', '04-05-2020',03);
INSERT INTO FUNCIONARIOS
VALUES(007,'Teodor Emerson' ,'861.418.615-69', '05-06-1992', '04-05-2020');

INSERT INTO GERENTE
VALUES(01,'06:00am - 22:00pm' ,'40,00$ hora', 007);

INSERT INTO PRODUTO
VALUES(431307600056,100.99 ,10, '02-02-2022');
INSERT INTO PRODUTO
VALUES(034073198631,150.99 ,05, '01-01-2030');
INSERT INTO PRODUTO
VALUES(839820462712,111.99 ,20, '10-10-2021');
INSERT INTO PRODUTO
VALUES(571666090201,12.99 ,30, '20-03-2025');
INSERT INTO PRODUTO
VALUES(803381757362,30.99 ,03, '30-12-2023');
INSERT INTO PRODUTO
VALUES(990826447499,100.99 ,05, '20-11-2020');

INSERT INTO FORNEÇEDOR
VALUES('53.231.354/8423-69','JoãoRacoes.ltda', '(53)4528-1481');
INSERT INTO FORNEÇEDOR
VALUES('15.482.298/4985-14','Impresa.ltda', '(44)7461-1891');
INSERT INTO FORNEÇEDOR
VALUES('84.198.334/1841.28','Nota10.ltda', '(32)14712-5682');

INSERT INTO COMPRA
VALUES('20-08-2020',10,500,'53.231.354/8423-69',431307600056);
INSERT INTO COMPRA
VALUES('20-08-2020',05,1000,'53.231.354/8423-69',034073198631);
INSERT INTO COMPRA
VALUES('20-08-2020',20,1500,'53.231.354/8423-69',839820462712);
INSERT INTO COMPRA
VALUES('10-07-2020',30,200,'15.482.298/4985-14',571666090201);
INSERT INTO COMPRA
VALUES('10-07-2020',03,50,'15.482.298/4985-14',803381757362);

INSERT INTO PET
VALUES('FOFINHO','CACHORRO','VIRALATA');
INSERT INTO PET
VALUES('BOLA DE NEVE','CACHORRO','POODLE');
INSERT INTO PET
VALUES('MIAL','GATO','VIRALATA');

INSERT INTO CLIENTES
VALUES('181.218.123-18','Millie Hendricks','30-11-1999','FOFINHO');
INSERT INTO CLIENTES
VALUES('418.101.981-58','Samara Kent','21-06-1990','BOLA DE NEVE');
INSERT INTO CLIENTES
VALUES('871.348.134-88','Darren Shelton','10-09-2000','MIAL');
INSERT INTO CLIENTES
VALUES('418.416.5811-13','Hakeem Rodriguez','30-03-1989');

INSERT INTO VENDAS
VALUES(01,100.99,'06-07-2020',01,431307600056,'181.218.123-18');
INSERT INTO VENDAS
VALUES(02,100.99,'20-08-2020',01,431307600056,'418.101.981-58');





